{"cameraMode":{"drawMode":0,"name":"Shaded","section":"Shading Mode"},"sceneLighting":false,"audioPlay":false,"sceneViewState":{"m_AlwaysRefresh":false,"showFog":true,"showSkybox":false,"showFlares":true,"showImageEffects":true,"showParticleSystems":true,"showVisualEffectGraphs":true,"m_FxEnabled":true},"in2DMode":false,"pivot":{"x":-2.119858741760254,"y":-0.10674118995666504,"z":-4.099637031555176},"rotation":{"x":0.24075473845005036,"y":-0.49298471212387087,"z":0.14411669969558717,"w":0.8235594630241394},"size":2.8022589683532717,"orthographic":false}