{"cameraMode":{"drawMode":0,"name":"Shaded","section":"Shading Mode"},"sceneLighting":true,"audioPlay":false,"sceneViewState":{"m_AlwaysRefresh":false,"showFog":true,"showSkybox":true,"showFlares":true,"showImageEffects":true,"showParticleSystems":true,"showVisualEffectGraphs":true,"m_FxEnabled":true},"in2DMode":false,"pivot":{"x":5.952635288238525,"y":2.595764636993408,"z":10.658065795898438},"rotation":{"x":0.029749363660812379,"y":-0.37416595220565798,"z":-0.012016741558909417,"w":-0.926818311214447},"size":5.949942588806152,"orthographic":false}