{"cameraMode":{"drawMode":0,"name":"Shaded","section":"Shading Mode"},"sceneLighting":false,"audioPlay":false,"sceneViewState":{"m_AlwaysRefresh":false,"showFog":true,"showSkybox":false,"showFlares":true,"showImageEffects":true,"showParticleSystems":true,"showVisualEffectGraphs":true,"m_FxEnabled":true},"in2DMode":false,"pivot":{"x":-0.0030003786087036134,"y":0.8421879410743713,"z":0.4086024761199951},"rotation":{"x":-0.02349693700671196,"y":-0.25303491950035097,"z":-0.006149992812424898,"w":0.9671610593795776},"size":3.1077585220336916,"orthographic":false}